Cheryl	Burns
Beverly	Adams
Karen	Reed
Frances	Mason
Justin	Rodriguez
Brandon	Jackson
Shirley	Smith
Louis	Sanchez
Catherine	Fowler
Jeremy	Thomas
Alan	Cook
Frances	Bell
Ernest	Rose
William	Hill
Jason	Morales
Todd	Ford
Steve	Andrews
Chris	Anderson
Dorothy	Adams
Jason	Tucker
Eugene	Simmons
Ann	Ramos
Donald	Matthews
Fred	Anderson
Jerry	Gordon
Howard	Green
James	Meyer
Lois	Bowman
Stephen	Collins
Paul	Burke
Kenneth	Parker
Lisa	Black
Christine	Howell
Adam	Martinez
Patrick	Gardner
Wanda	Barnes
Juan	Hughes
Ryan	Gardner
William	Bowman
Angela	Day
Peter	Reyes
Eric	Hernandez
Joyce	Gardner
Bobby	Kim
Catherine	Kelly
Barbara	Johnston
Matthew	Pierce
Diana	Green
Jessica	James
Wanda	Allen
Elizabeth	Nichols
Jose	Henry
Doris	Payne
Jerry	Robertson
Amanda	Riley
Irene	Gardner
Amanda	Gilbert
Emily	Hawkins
Helen	Baker
Patricia	Bishop
Norma	Crawford
Jack	Foster
Jerry	Simmons
Harry	Peterson
Jeremy	Alvarez
Carlos	Kelley
Ruth	Carter
Ruth	Mills
Gregory	Morris
Chris	White
Jacqueline	Rice
Sara	Johnson
Ralph	Wagner
Gloria	Hall
Amy	Cole
Debra	Hanson
Heather	Adams
Stephanie	Gibson
Sean	Turner
Carol	Andrews
Donald	Black
Fred	Flores
Jack	Fields
Rachel	Lane
Paul	Gordon
Philip	Kennedy
Arthur	Howard
Rebecca	Martinez
Helen	Cruz
Patricia	Hansen
Annie	Lynch
Wayne	Fuller
Brian	Lawson
Richard	Russell
James	Brooks
Chris	Cruz
Christopher	Kelly
Sarah	Gonzalez
Betty	Edwards
Joe	Rodriguez
Kathleen	Wells
Albert	Evans
Gary	Williamson
Jason	Smith
Thomas	Garcia
Victor	Morris
Jeffrey	Spencer
Jose	Williamson
Cheryl	Graham
Betty	Stone
Clarence	Holmes
Gregory	Anderson
Jessica	Knight
Debra	Marshall
Harry	Stone
Bruce	Johnson
Teresa	Collins
Melissa	Lee
Frances	Larson
Gloria	Morrison
Carlos	Hawkins
Amy	Foster
Gary	Elliott
William	Hamilton
Helen	Garrett
Beverly	Stephens
Edward	Gomez
Anna	Perez
Carol	Gonzalez
Randy	Daniels
Marie	Gutierrez
Laura	Gonzales
Kelly	Richards
Donna	Russell
Alice	Griffin
Joseph	Burton
Justin	Rogers
Rebecca	Chapman
Heather	Weaver
Kathryn	Snyder
Benjamin	Webb
Todd	George
Jimmy	Warren
Amy	Carpenter
Keith	Griffin
Brian	Kim
Julie	Bishop
Harold	Morales
Robert	Holmes
Charles	Mills
Nicole	Bradley
Gary	Cook
William	James
Alice	Brown
Cynthia	Reynolds
Jason	Perkins
Steven	Hughes
Theresa	Hawkins
Juan	Hughes
Jimmy	Stanley
Beverly	Rice
Diana	Hunter
Andrea	Sanders
Susan	Sims
Irene	Greene
Richard	Montgomery
Bruce	Morrison
Phillip	Garza
Deborah	Simmons
Susan	Harvey
Kathryn	Dunn
Marie	Adams
Jacqueline	Kelley
Tina	Walker
Shawn	Watson
Jason	Foster
Nicholas	Harper
Gary	Alvarez
Johnny	Ross
Debra	Perkins
Dennis	Smith
Gerald	Hicks
Helen	Edwards
Judy	Montgomery
Marilyn	Cox
Jacqueline	Thompson
Arthur	Henry
Gregory	Owens
Shawn	Kelly
Chris	Hernandez
Wanda	Wright
Edward	Bailey
Ruth	Jordan
Philip	Rivera
Gloria	Garrett
Katherine	Mitchell
Thomas	Wilson
Brandon	Tucker
Katherine	Smith
Christine	Watkins
Elizabeth	Thompson
Diana	Gilbert
Juan	Dixon
Daniel	Richardson
Alice	Gilbert
Lori	Johnson
Phyllis	Hudson
Betty	Cruz
Brandon	Warren
Russell	Martin
Elizabeth	Frazier
Catherine	Miller
George	Simmons
Rachel	Williams
Ernest	Anderson
Debra	Carpenter
Jerry	Robinson
Elizabeth	Welch
Elizabeth	Ramos
Wanda	Burns
Phillip	Fuller
Gloria	White
Eugene	Rogers
Carolyn	Bryant
Lillian	Garza
Sara	Adams
Craig	Harper
Julie	Rogers
Joseph	Coleman
Wayne	George
Scott	Rice
Gloria	Hicks
Pamela	Alvarez
Barbara	Rice
Norma	Jones
Todd	Diaz
Beverly	Simmons
Brenda	Campbell
Susan	Harrison
Sarah	Carpenter
Sandra	Morgan
Daniel	Kelly
Kelly	Gonzalez
Craig	Williams
Linda	Dixon
Bonnie	Alvarez
Andrew	Ramirez
Joan	Bell
Steven	Chavez
Alice	Thompson
Douglas	Stanley
Janice	Moore
Helen	Griffin
Brenda	Lawson
Bruce	Mitchell
Rose	Castillo
Ashley	Ortiz
Jennifer	Sullivan
Linda	Martinez
Victor	Greene
Brenda	Jordan
Cheryl	Wright
Sharon	Jacobs
George	Mcdonald
Roger	Hernandez
Keith	Brown
Clarence	Banks
Linda	Stanley
Deborah	Johnson
Teresa	Barnes
Kathy	Watkins
Jean	Foster
Wayne	Jackson
Rebecca	Butler
Joan	Stanley
Clarence	Collins
Tina	White
Alice	Carroll
Diane	Castillo
Stephanie	Snyder
Robert	Scott
Christina	Cox
Laura	Willis
Jason	Hanson
Shawn	Black
Evelyn	Myers
Emily	Wagner
Janet	Washington
Ryan	Garrett
Janice	Roberts
Laura	Tucker
Mildred	Shaw
Wanda	Vasquez
Marilyn	Richardson
Steve	Williamson
Lori	Fisher
Joan	Harris
Matthew	Gray
Shawn	Kim
Samuel	Daniels
Harry	Cruz
Ruby	Simpson
Marilyn	Cunningham
Nicholas	Peters
Clarence	Lee
Amanda	Flores
Heather	Spencer
Kelly	Pierce
Robin	Nichols
Peter	Berry
Matthew	Perry
Sarah	Wood
Antonio	Davis
Andrew	Medina
Lisa	Roberts
Amanda	Armstrong
Michelle	Snyder
Stephanie	Garza
Carl	Baker
Dennis	Ferguson
Heather	Kelley
Jerry	Burns
Larry	Howell
Phillip	Crawford
Jeffrey	Robinson
Linda	Hall
Joan	Morris
Eugene	Hunter
Jeffrey	Lane
Laura	Martinez
Mary	Jackson
Annie	Adams
Carol	Watson
Jimmy	Perez
Charles	Simpson
Judy	Moore
Chris	Franklin
Teresa	Boyd
Shirley	Wood
Joe	Kelley
Kenneth	Hunter
Sean	Nelson
Sandra	Fisher
Gary	Lee
Christina	Phillips
Terry	Cunningham
Scott	Bowman
Kathryn	Shaw
Janet	Garcia
Louis	Perry
Ruby	Allen
Jacqueline	Gutierrez
Robin	Gardner
Diana	Rogers
Steven	Nguyen
Jeremy	Williams
Julie	Olson
Diane	Jones
Harold	Cruz
Louis	Hughes
Nicole	James
Debra	Scott
Heather	Jenkins
Matthew	Armstrong
Rachel	Burke
Mary	Rogers
Ashley	Smith
Martha	Wright
Daniel	Gray
Lawrence	Tucker
Norma	Richards
Evelyn	Wright
Angela	Phillips
Samuel	Bell
Peter	Stone
Rachel	Simpson
Doris	Daniels
Irene	Wells
Ronald	Day
Phillip	Henry
Alan	Bryant
Phyllis	Austin
Adam	Kim
Rachel	Thomas
Louis	Shaw
Sara	Morales
Sandra	Hawkins
Lisa	Russell
Roy	Coleman
Howard	Cook
Lois	Wells
Christine	Bishop
Anthony	Reynolds
Christopher	Larson
Jack	Franklin
Jimmy	Nichols
Raymond	Bennett
George	Ward
Emily	Welch
Robert	Ortiz
Andrew	Fox
Janice	Alvarez
Norma	Jacobs
Terry	Lee
Kevin	Cooper
Robin	Williamson
Ruby	Ellis
Carol	Ward
Bobby	Castillo
Keith	Martin
Jessica	Day
Cheryl	Scott
Ashley	Gibson
Barbara	Tucker
Todd	Rose
Mildred	Black
Dennis	Thomas
Matthew	Reid
Eric	Ellis
Susan	Foster
Antonio	Myers
Steve	Rodriguez
Rachel	Hill
Jeffrey	Olson
Ronald	Hansen
Debra	Gardner
Richard	Allen
Wayne	Carroll
Kevin	Matthews
Juan	Mccoy
Harry	Johnson
Todd	Boyd
Philip	Mendoza
Bobby	Berry
Nicole	Mcdonald
Harold	Owens
Mary	Harris
Phillip	Hart
Shirley	Miller
Kevin	Garrett
Ronald	Daniels
Mildred	Chavez
Helen	Lee
Shawn	Reid
Judith	Burns
Kelly	Richardson
Shirley	Jenkins
Bruce	Cook
Kimberly	Chapman
Pamela	Mitchell
James	Duncan
Arthur	Gonzalez
Susan	Mills
Margaret	Martin
Ronald	Phillips
Eric	Pierce
Joyce	Welch
Patrick	Bailey
Evelyn	Gonzales
Daniel	Henry
Lisa	Lawrence
Heather	Griffin
Lisa	Garza
Sara	Ryan
Tina	Stone
Bruce	Medina
Kimberly	Jacobs
Donald	Jones
Russell	Simpson
Kevin	Black
Margaret	Alvarez
Jane	Hunter
Andrea	Flores
Jennifer	Wilson
Phillip	Gardner
Jeffrey	Snyder
Kevin	Long
Albert	Gardner
Ryan	Weaver
Aaron	Gilbert
Janet	Perez
Steve	Hill
Marilyn	Baker
Paul	Spencer
Jane	Cooper
Kimberly	Anderson
John	Gibson
Marie	Wood
Sarah	Morris
Marie	Wagner
Frances	Stanley
Michael	Graham
Denise	Robertson
Janice	Walker
Steve	Nichols
Benjamin	Franklin
Virginia	Ruiz
Charles	Murray
Doris	Young
Sharon	Franklin
Johnny	Hayes
Sharon	Carter
Sandra	Nelson
Ryan	Crawford
Laura	Carpenter
Fred	Barnes
Susan	Fuller
Mary	Hernandez
Lisa	Mason
Jonathan	Elliott
Anna	Richardson
Paul	Shaw
Billy	Martin
Teresa	Harrison
Alan	Nichols
Justin	Chapman
Andrea	Frazier
Carl	Perkins
Linda	Hunter
Harold	Taylor
Robert	Ward
Shirley	Stewart
Ann	Coleman
Janice	Perkins
Jeremy	Gray
Albert	Gonzales
Teresa	Smith
Earl	Gardner
Mark	Graham
Keith	Anderson
Mildred	Williamson
Brandon	Lynch
Stephanie	Henderson
Howard	Johnston
Alan	Mason
Sarah	Reid
Craig	Rodriguez
Kelly	Little
Nancy	Hughes
Jesse	Hill
Roger	Jacobs
Arthur	Gonzales
Juan	Howell
Julie	Green
Jason	Ruiz
Cheryl	Foster
Ryan	Wood
Patricia	Medina
Joshua	Carpenter
Juan	Murray
Benjamin	Harris
Antonio	Wells
Kimberly	Harvey
Matthew	Shaw
Todd	Meyer
Theresa	Martin
Jesse	Garcia
Roger	Turner
Frank	Hall
Christopher	Williamson
Carol	Ellis
Patrick	Ward
Wayne	Bradley
Jessica	Fuller
Joshua	Schmidt
Justin	Williams
Keith	Hart
Shawn	Davis
Kenneth	Hudson
Mildred	Burton
Sara	Willis
Carlos	Wilson
Wanda	Freeman
Carolyn	Martin
Gregory	Cooper
Kathleen	Gonzales
Cynthia	Lawson
Alice	Jones
Kelly	Burton
Denise	Greene
Charles	Shaw
Jerry	Alvarez
Sean	Black
Keith	Watkins
Annie	Peterson
Christine	Moore
Teresa	Little
Dorothy	Mitchell
Diana	Carpenter
Christopher	Richardson
Frances	Murphy
Jean	Sanchez
Michael	Dunn
David	Ramirez
Brian	Larson
Louise	Gonzalez
Angela	Thomas
Michelle	Daniels
Wayne	Ferguson
Julie	Smith
Eric	Powell
Gloria	Peterson
Robert	Sims
Jerry	Ferguson
Chris	Hudson
Bruce	Bennett
Eugene	Perkins
Russell	Sanchez
Annie	Butler
Kimberly	Sullivan
Jesse	Robertson
Justin	Davis
Timothy	Palmer
Andrea	Mason
Anne	Rivera
Jeffrey	Carter
Sean	Ruiz
Larry	Fisher
Kenneth	Castillo
Donald	Stone
Jacqueline	Butler
Brandon	Berry
Jesse	Nguyen
Linda	Hart
Eric	Duncan
Donald	Kelly
Katherine	Morgan
Gloria	Cole
Angela	White
Charles	Barnes
Jennifer	Watson
Karen	Brown
Lawrence	Lawrence
Frank	Bradley
Amanda	Turner
Jonathan	Cunningham
Julia	Hunt
Eric	White
Julie	Clark
Rachel	Wheeler
Philip	Daniels
Juan	Meyer
Pamela	Alvarez
Jennifer	Crawford
Antonio	Mills
Anthony	Snyder
Peter	Ramos
Jeffrey	Frazier
Eric	Freeman
Bruce	Long
Scott	Carroll
Lillian	Evans
Ruby	Hayes
Sara	Ellis
Beverly	Edwards
Phillip	Simpson
Heather	Green
Shirley	Greene
Jack	Fisher
Beverly	Sullivan
Mildred	Taylor
Diana	Hawkins
Norma	Scott
Frank	Lawson
Evelyn	Sullivan
Harry	Watkins
Nicole	Peterson
Sandra	Bell
Johnny	Lewis
Joseph	Ferguson
Larry	Hamilton
Paula	Reyes
Lillian	George
Christopher	Daniels
Kathy	Fisher
Heather	Nichols
Margaret	Gibson
Eric	Price
Ryan	Taylor
Jimmy	Foster
Willie	Duncan
Janet	Castillo
Lawrence	Miller
Christine	Oliver
Randy	Rose
Jean	Gray
Brenda	Sullivan
Larry	Powell
Paul	Gutierrez
Ruth	Johnson
Emily	Andrews
Brandon	Lawson
Karen	Andrews
Walter	Sanchez
Heather	Mills
Arthur	Dean
Johnny	Bailey
Jean	Hart
Emily	Stevens
Randy	Bradley
Deborah	Henry
Catherine	Evans
Louise	Nelson
Mark	Cook
Shawn	James
Maria	Garza
Keith	Howell
Cynthia	Ellis
Julia	Gibson
Kenneth	Gonzalez
Melissa	Morris
Andrea	Turner
Kimberly	Turner
Kenneth	Hansen
Jacqueline	Washington
Andrea	Ryan
Jacqueline	Harris
Ruby	Fowler
Benjamin	Hill
Mark	Murphy
Robert	Jones
Evelyn	Stanley
Rebecca	Jenkins
Angela	Burton
Diana	Miller
Jerry	Walker
Lisa	Meyer
Joe	Andrews
Susan	Ward
Julie	Wright
Kimberly	Stephens
Anna	Alvarez
Linda	Crawford
Stephen	Ramirez
Christina	Jones
Jason	Price
Joe	Burke
Sara	Owens
George	Johnston
Steve	Jackson
Deborah	Graham
Harold	Robinson
Lawrence	Hamilton
Brandon	Garrett
Stephen	Nelson
Karen	Ellis
Amy	Campbell
Barbara	Freeman
Patrick	Dixon
Brenda	Hamilton
Pamela	Gibson
Timothy	Wallace
Judith	Banks
Jennifer	Fisher
Wanda	Nelson
Amy	Murphy
Lois	Larson
Anthony	Gonzalez
Margaret	Gilbert
Bobby	Smith
Steven	Kennedy
Norma	Mills
Kevin	Hughes
Susan	Nguyen
Ruth	Gardner
Doris	Cooper
Earl	Rivera
Victor	Williams
Andrea	Murray
William	Lawrence
Chris	Ward
Catherine	Harrison
Lillian	Evans
Robin	Gonzales
Anne	Rose
James	Mitchell
Deborah	Rodriguez
Walter	Watson
Janet	Ramirez
Annie	Green
Amanda	Romero
Elizabeth	Andrews
Lois	Bailey
Cheryl	Campbell
Andrew	Black
Ronald	Perkins
Nancy	Kelly
Barbara	Powell
Kelly	Anderson
Jeffrey	Bowman
Robin	Bailey
Christine	Henderson
Joseph	Myers
Phyllis	Johnston
Janet	Price
Eugene	Powell
Nancy	Sanchez
Roger	Payne
Evelyn	Austin
Dorothy	Lynch
Mildred	Wallace
Ruth	Burton
Phyllis	Hughes
David	Perez
Deborah	Sullivan
Alan	Price
Dennis	Adams
Evelyn	Alexander
Benjamin	Moore
Roy	Moore
Jennifer	Owens
Jeffrey	Hernandez
Eric	Weaver
Ruth	Campbell
Rebecca	Dean
Louise	Peters
Carlos	Burton
Norma	Murphy
Sarah	Nguyen
Bonnie	Mcdonald
Roy	Stevens
Fred	Stone
Jacqueline	Castillo
Anna	Bailey
Sandra	Brown
Donald	Dunn
Joshua	Coleman
Jesse	Turner
Charles	Howard
Wanda	Gonzalez
Amanda	Rice
Carol	Murray
Doris	Green
Steve	Robinson
Katherine	Carter
Rachel	Mills
Shawn	Weaver
Mary	Castillo
Kevin	King
Patrick	Bennett
Michelle	Graham
Teresa	Dunn
Johnny	Tucker
Heather	Young
Jean	Williamson
Wanda	Riley
Barbara	Owens
Keith	King
Chris	Burke
Marie	Torres
Diana	Lane
Adam	Boyd
Patrick	Lopez
Lori	Fox
Anthony	Henry
Diane	Cole
Amanda	Greene
Carl	Richardson
Nicole	Banks
Ernest	Boyd
Mark	Mason
Jonathan	Wright
Jonathan	Riley
Joe	Diaz
Justin	Alexander
Patrick	Rogers
Brenda	Dean
Gloria	Graham
Ryan	Ferguson
Thomas	Hayes
Annie	Bradley
Annie	Owens
Alan	Powell
Melissa	Johnson
Anna	Powell
Michelle	Hall
Roy	Reed
Timothy	Mccoy
Shirley	Coleman
Betty	Ryan
Richard	Gutierrez
Kathleen	Holmes
Todd	Chapman
Bobby	Ryan
Andrea	Webb
Thomas	Brown
Julie	Oliver
Peter	Stanley
Norma	Rogers
Judith	Miller
Mary	Burton
Carl	Martinez
John	Hamilton
Mark	Stewart
Rebecca	Lawson
Adam	Washington
Timothy	Knight
Judith	Cox
Doris	Stewart
Ralph	Green
Joyce	Willis
Joshua	Perez
Norma	Mason
Charles	Mccoy
Rose	Watson
Joseph	Mendoza
Peter	Chapman
Larry	Shaw
Alan	Moore
Donald	Howell
Mary	Fisher
Marilyn	Ford
Shirley	Young
Helen	Young
Jesse	Jackson
Kimberly	Wells
Betty	Smith
Jesse	Holmes
Donna	Scott
Paul	Armstrong
Lois	Moreno
Lawrence	Sanders
Roger	Andrews
Andrew	Jackson
Pamela	Wright
Shirley	Murphy
Raymond	Hawkins
Andrea	Austin
Janice	Simpson
Joseph	Olson
Scott	Hamilton
Andrew	Warren
Roger	Greene
Adam	Ward
Brandon	Butler
Denise	Shaw
Virginia	Russell
Craig	Fuller
Heather	Harvey
Jean	Garrett
Henry	Crawford
Victor	Bennett
Charles	Lynch
Anne	Sanders
Brandon	Owens
Ralph	Porter
Joseph	Arnold
Robin	Alexander
Gloria	Jordan
Phyllis	Boyd
Paula	Baker
Sandra	Stewart
Jerry	Armstrong
George	Hamilton
Johnny	Ford
Frank	Willis
Catherine	Freeman
Kevin	Moore
Jonathan	Robertson
Carlos	Ward
Carlos	Willis
Jean	George
Billy	Collins
Amanda	Mitchell
Jack	Simmons
Benjamin	Murray
Bruce	Hanson
Cheryl	Hernandez
Nancy	Gomez
Randy	Porter
Ernest	Hanson
Ronald	Gardner
Lillian	Garza
Janice	Weaver
Charles	Martinez
Marilyn	Grant
Joshua	Berry
Bobby	Bennett
Martha	Alvarez
Deborah	Mitchell
Benjamin	Baker
Ruby	Holmes
Bobby	Wright
Martha	George
Timothy	Weaver
Gerald	Bell
Bonnie	Barnes
Bobby	Arnold
Chris	Perez
Marie	Coleman
Jessica	Gardner
Nicholas	Gordon
Janet	Graham
Patricia	Carr
Kimberly	Sims
Frank	Cunningham
Debra	Mitchell
Mary	Stanley
Randy	Roberts
Samuel	Foster
